state_or_region,sector,year,price
East North Central,commercial,2001,7.226666666666667
East North Central,commercial,2002,7.316666666666666
East North Central,commercial,2003,7.218333333333334
East North Central,commercial,2004,7.3975
East North Central,commercial,2005,7.639166666666667
East North Central,commercial,2006,8.135833333333332
East North Central,commercial,2007,8.485000000000001
East North Central,commercial,2008,9.033333333333333
East North Central,commercial,2009,9.209166666666667
East North Central,commercial,2010,9.352500000000001
East North Central,commercial,2011,9.485833333333334
East North Central,commercial,2012,9.455
East North Central,commercial,2013,9.58
East North Central,commercial,2014,10.021666666666667
East North Central,commercial,2015,9.945833333333333
East North Central,commercial,2016,9.956666666666667
East North Central,commercial,2017,10.160833333333334
East North Central,commercial,2018,10.195
East North Central,commercial,2019,10.200833333333334
East North Central,commercial,2020,10.2775
East North Central,commercial,2021,10.6625
East North Central,commercial,2022,11.596666666666666
East North Central,commercial,2023,11.940833333333332
East North Central,commercial,2024,12.125
East North Central,commercial,2025,12.998333333333333
East North Central,commercial,2026,13.26
East North Central,industrial,2001,4.4575000000000005
East North Central,industrial,2002,4.6241666666666665
East North Central,industrial,2003,4.630833333333333
East North Central,industrial,2004,4.675833333333333
East North Central,industrial,2005,4.9075
East North Central,industrial,2006,5.3525
East North Central,industrial,2007,5.895
East North Central,industrial,2008,6.390833333333333
East North Central,industrial,2009,6.616666666666667
East North Central,industrial,2010,6.521666666666667
East North Central,industrial,2011,6.521666666666667
East North Central,industrial,2012,6.508333333333333
East North Central,industrial,2013,6.645
East North Central,industrial,2014,7.07
East North Central,industrial,2015,6.9675
East North Central,industrial,2016,6.922499999999999
East North Central,industrial,2017,7.076666666666667
East North Central,industrial,2018,7.104166666666667
East North Central,industrial,2019,6.910833333333333
East North Central,industrial,2020,6.776666666666667
East North Central,industrial,2021,7.215
East North Central,industrial,2022,8.226666666666667
East North Central,industrial,2023,7.944166666666667
East North Central,industrial,2024,8.079166666666667
East North Central,industrial,2025,9.022499999999999
East North Central,industrial,2026,10.09
East South Central,commercial,2001,6.2491666666666665
East South Central,commercial,2002,6.3325
East South Central,commercial,2003,6.521666666666667
East South Central,commercial,2004,6.884166666666666
East South Central,commercial,2005,7.185833333333334
East South Central,commercial,2006,7.8875
East South Central,commercial,2007,8.069166666666666
East South Central,commercial,2008,9.053333333333333
East South Central,commercial,2009,9.256666666666666
East South Central,commercial,2010,9.326666666666666
East South Central,commercial,2011,9.790000000000001
East South Central,commercial,2012,9.871666666666666
East South Central,commercial,2013,9.814166666666667
East South Central,commercial,2014,10.343333333333334
East South Central,commercial,2015,10.229166666666666
East South Central,commercial,2016,10.19
East South Central,commercial,2017,10.603333333333333
East South Central,commercial,2018,10.529166666666667
East South Central,commercial,2019,10.743333333333332
East South Central,commercial,2020,10.741666666666667
East South Central,commercial,2021,11.069166666666668
East South Central,commercial,2022,12.163333333333334
East South Central,commercial,2023,12.140833333333333
East South Central,commercial,2024,12.375
East South Central,commercial,2025,13.086666666666666
East South Central,commercial,2026,13.7
East South Central,industrial,2001,3.6999999999999997
East South Central,industrial,2002,3.714166666666667
East South Central,industrial,2003,3.861666666666667
East South Central,industrial,2004,4.0408333333333335
East South Central,industrial,2005,4.370833333333334
East South Central,industrial,2006,4.805000000000001
East South Central,industrial,2007,5.04
East South Central,industrial,2008,5.764166666666667
East South Central,industrial,2009,5.848333333333334
East South Central,industrial,2010,5.831666666666667
East South Central,industrial,2011,6.189166666666666
East South Central,industrial,2012,6.114166666666667
East South Central,industrial,2013,5.989999999999999
East South Central,industrial,2014,6.126666666666666
East South Central,industrial,2015,5.973333333333334
East South Central,industrial,2016,5.804166666666667
East South Central,industrial,2017,5.928333333333334
East South Central,industrial,2018,5.843333333333334
East South Central,industrial,2019,5.760833333333333
East South Central,industrial,2020,5.55
East South Central,industrial,2021,5.968333333333334
East South Central,industrial,2022,7.1866666666666665
East South Central,industrial,2023,6.721666666666667
East South Central,industrial,2024,6.721666666666667
East South Central,industrial,2025,7.216666666666666
East South Central,industrial,2026,7.77
Middle Atlantic,commercial,2001,10.608333333333333
Middle Atlantic,commercial,2002,10.265833333333333
Middle Atlantic,commercial,2003,10.760833333333332
Middle Atlantic,commercial,2004,10.945
Middle Atlantic,commercial,2005,11.734166666666667
Middle Atlantic,commercial,2006,12.640833333333333
Middle Atlantic,commercial,2007,13.175833333333335
Middle Atlantic,commercial,2008,13.925833333333332
Middle Atlantic,commercial,2009,13.3375
Middle Atlantic,commercial,2010,13.884166666666665
Middle Atlantic,commercial,2011,13.604166666666666
Middle Atlantic,commercial,2012,12.931666666666667
Middle Atlantic,commercial,2013,13.0175
Middle Atlantic,commercial,2014,13.6275
Middle Atlantic,commercial,2015,13.100833333333334
Middle Atlantic,commercial,2016,12.4425
Middle Atlantic,commercial,2017,12.542499999999999
Middle Atlantic,commercial,2018,12.389166666666666
Middle Atlantic,commercial,2019,12.181666666666667
Middle Atlantic,commercial,2020,12.445
Middle Atlantic,commercial,2021,13.320833333333333
Middle Atlantic,commercial,2022,15.1175
Middle Atlantic,commercial,2023,15.270833333333334
Middle Atlantic,commercial,2024,15.640833333333333
Middle Atlantic,commercial,2025,17.591666666666665
Middle Atlantic,commercial,2026,18.85
Middle Atlantic,industrial,2001,6.085
Middle Atlantic,industrial,2002,5.8933333333333335
Middle Atlantic,industrial,2003,6.4925
Middle Atlantic,industrial,2004,6.62
Middle Atlantic,industrial,2005,7.278333333333333
Middle Atlantic,industrial,2006,7.758333333333333
Middle Atlantic,industrial,2007,7.771666666666667
Middle Atlantic,industrial,2008,8.2875
Middle Atlantic,industrial,2009,8.043333333333333
Middle Atlantic,industrial,2010,8.397499999999999
Middle Atlantic,industrial,2011,8.161666666666667
Middle Atlantic,industrial,2012,7.489166666666667
Middle Atlantic,industrial,2013,7.2683333333333335
Middle Atlantic,industrial,2014,7.613333333333333
Middle Atlantic,industrial,2015,7.3175
Middle Atlantic,industrial,2016,7.028333333333333
Middle Atlantic,industrial,2017,6.8999999999999995
Middle Atlantic,industrial,2018,6.96
Middle Atlantic,industrial,2019,6.571666666666666
Middle Atlantic,industrial,2020,6.376666666666666
Middle Atlantic,industrial,2021,6.860833333333333
Middle Atlantic,industrial,2022,8.399166666666666
Middle Atlantic,industrial,2023,7.906666666666666
Middle Atlantic,industrial,2024,8.52
Middle Atlantic,industrial,2025,9.795833333333333
Middle Atlantic,industrial,2026,13.35
Mountain,commercial,2001,6.501666666666666
Mountain,commercial,2002,6.6125
Mountain,commercial,2003,6.824166666666667
Mountain,commercial,2004,7.041666666666667
Mountain,commercial,2005,7.3500000000000005
Mountain,commercial,2006,7.564166666666666
Mountain,commercial,2007,7.7475
Mountain,commercial,2008,8.325833333333334
Mountain,commercial,2009,8.495
Mountain,commercial,2010,8.7175
Mountain,commercial,2011,8.8275
Mountain,commercial,2012,8.959166666666667
Mountain,commercial,2013,9.315
Mountain,commercial,2014,9.612499999999999
Mountain,commercial,2015,9.679166666666667
Mountain,commercial,2016,9.455833333333333
Mountain,commercial,2017,9.573333333333332
Mountain,commercial,2018,9.526666666666666
Mountain,commercial,2019,9.525
Mountain,commercial,2020,9.42
Mountain,commercial,2021,9.6675
Mountain,commercial,2022,10.333333333333334
Mountain,commercial,2023,10.900833333333333
Mountain,commercial,2024,10.983333333333334
Mountain,commercial,2025,11.255
Mountain,commercial,2026,10.84
Mountain,industrial,2001,4.839166666666666
Mountain,industrial,2002,4.835833333333333
Mountain,industrial,2003,4.9875
Mountain,industrial,2004,5.028333333333333
Mountain,industrial,2005,5.4375
Mountain,industrial,2006,5.489999999999999
Mountain,industrial,2007,5.655
Mountain,industrial,2008,6.02
Mountain,industrial,2009,6.055
Mountain,industrial,2010,6.091666666666666
Mountain,industrial,2011,6.048333333333333
Mountain,industrial,2012,6.138333333333333
Mountain,industrial,2013,6.4375
Mountain,industrial,2014,6.638333333333333
Mountain,industrial,2015,6.558333333333334
Mountain,industrial,2016,6.340833333333333
Mountain,industrial,2017,6.517499999999999
Mountain,industrial,2018,6.422499999999999
Mountain,industrial,2019,6.308333333333334
Mountain,industrial,2020,6.223333333333334
Mountain,industrial,2021,6.648333333333333
Mountain,industrial,2022,7.516666666666667
Mountain,industrial,2023,7.8075
Mountain,industrial,2024,7.673333333333333
Mountain,industrial,2025,7.875
Mountain,industrial,2026,7.62
New England,commercial,2001,10.940833333333332
New England,commercial,2002,9.8375
New England,commercial,2003,10.3025
New England,commercial,2004,10.6
New England,commercial,2005,11.925833333333335
New England,commercial,2006,14.509166666666667
New England,commercial,2007,14.707500000000001
New England,commercial,2008,15.750833333333333
New England,commercial,2009,15.207500000000001
New England,commercial,2010,14.711666666666666
New England,commercial,2011,14.296666666666667
New England,commercial,2012,13.68
New England,commercial,2013,13.971666666666666
New England,commercial,2014,14.694166666666668
New England,commercial,2015,15.469166666666666
New England,commercial,2016,15.178333333333333
New England,commercial,2017,15.472500000000002
New England,commercial,2018,16.4675
New England,commercial,2019,16.337500000000002
New England,commercial,2020,15.824166666666668
New England,commercial,2021,16.329166666666666
New England,commercial,2022,18.134166666666665
New England,commercial,2023,19.458333333333332
New England,commercial,2024,20.56
New England,commercial,2025,22.5775
New England,commercial,2026,24.22
New England,industrial,2001,8.479999999999999
New England,industrial,2002,8.020833333333334
New England,industrial,2003,8.334999999999999
New England,industrial,2004,8.218333333333334
New England,industrial,2005,9.101666666666667
New England,industrial,2006,11.580833333333333
New England,industrial,2007,12.740833333333333
New England,industrial,2008,13.463333333333333
New England,industrial,2009,13.44
New England,industrial,2010,12.969999999999999
New England,industrial,2011,12.5375
New England,industrial,2012,11.8225
New England,industrial,2013,12.241666666666667
New England,industrial,2014,11.859166666666667
New England,industrial,2015,12.360833333333332
New England,industrial,2016,12.195
New England,industrial,2017,12.530833333333334
New England,industrial,2018,13.204166666666666
New England,industrial,2019,13.088333333333333
New England,industrial,2020,12.885833333333332
New England,industrial,2021,12.799999999999999
New England,industrial,2022,15.020000000000001
New England,industrial,2023,15.81
New England,industrial,2024,16.285833333333333
New England,industrial,2025,17.77
New England,industrial,2026,20.3
South Atlantic,commercial,2001,6.585
South Atlantic,commercial,2002,6.448333333333333
South Atlantic,commercial,2003,6.686666666666667
South Atlantic,commercial,2004,6.953333333333333
South Atlantic,commercial,2005,7.485833333333333
South Atlantic,commercial,2006,8.443333333333333
South Atlantic,commercial,2007,8.650833333333333
South Atlantic,commercial,2008,9.283333333333333
South Atlantic,commercial,2009,9.621666666666666
South Atlantic,commercial,2010,9.286666666666667
South Atlantic,commercial,2011,9.455833333333333
South Atlantic,commercial,2012,9.368333333333334
South Atlantic,commercial,2013,9.370833333333334
South Atlantic,commercial,2014,9.6825
South Atlantic,commercial,2015,9.485833333333334
South Atlantic,commercial,2016,9.244166666666667
South Atlantic,commercial,2017,9.391666666666667
South Atlantic,commercial,2018,9.310833333333333
South Atlantic,commercial,2019,9.360833333333334
South Atlantic,commercial,2020,9.059166666666666
South Atlantic,commercial,2021,9.411666666666667
South Atlantic,commercial,2022,10.794166666666667
South Atlantic,commercial,2023,10.836666666666666
South Atlantic,commercial,2024,10.699166666666665
South Atlantic,commercial,2025,11.280000000000001
South Atlantic,commercial,2026,12.54
South Atlantic,industrial,2001,4.339166666666666
South Atlantic,industrial,2002,4.2375
South Atlantic,industrial,2003,4.4725
South Atlantic,industrial,2004,4.7700000000000005
South Atlantic,industrial,2005,5.288333333333333
South Atlantic,industrial,2006,5.4425
South Atlantic,industrial,2007,5.665
South Atlantic,industrial,2008,6.28
South Atlantic,industrial,2009,6.690833333333334
South Atlantic,industrial,2010,6.646666666666666
South Atlantic,industrial,2011,6.655
South Atlantic,industrial,2012,6.544999999999999
South Atlantic,industrial,2013,6.5375000000000005
South Atlantic,industrial,2014,6.75
South Atlantic,industrial,2015,6.571666666666666
South Atlantic,industrial,2016,6.446666666666666
South Atlantic,industrial,2017,6.4975
South Atlantic,industrial,2018,6.519166666666667
South Atlantic,industrial,2019,6.4875
South Atlantic,industrial,2020,6.248333333333334
South Atlantic,industrial,2021,6.491666666666667
South Atlantic,industrial,2022,7.7683333333333335
South Atlantic,industrial,2023,7.579999999999999
South Atlantic,industrial,2024,7.7491666666666665
South Atlantic,industrial,2025,8.155833333333334
South Atlantic,industrial,2026,9.23
West North Central,commercial,2001,6.013333333333333
West North Central,commercial,2002,5.965833333333333
West North Central,commercial,2003,5.9925
West North Central,commercial,2004,6.135833333333333
West North Central,commercial,2005,6.2925
West North Central,commercial,2006,6.575833333333333
West North Central,commercial,2007,6.756666666666667
West North Central,commercial,2008,7.103333333333333
West North Central,commercial,2009,7.409166666666667
West North Central,commercial,2010,7.828333333333333
West North Central,commercial,2011,8.194166666666666
West North Central,commercial,2012,8.446666666666667
West North Central,commercial,2013,8.950000000000001
West North Central,commercial,2014,9.235000000000001
West North Central,commercial,2015,9.2425
West North Central,commercial,2016,9.504166666666666
West North Central,commercial,2017,9.778333333333334
West North Central,commercial,2018,9.751666666666667
West North Central,commercial,2019,9.6325
West North Central,commercial,2020,9.637500000000001
West North Central,commercial,2021,9.920833333333333
West North Central,commercial,2022,10.401666666666666
West North Central,commercial,2023,10.276666666666667
West North Central,commercial,2024,10.2175
West North Central,commercial,2025,10.522499999999999
West North Central,commercial,2026,10.01
West North Central,industrial,2001,4.273333333333333
West North Central,industrial,2002,4.175
West North Central,industrial,2003,4.333333333333333
West North Central,industrial,2004,4.5
West North Central,industrial,2005,4.691666666666666
West North Central,industrial,2006,4.930000000000001
West North Central,industrial,2007,5.0675
West North Central,industrial,2008,5.300833333333333
West North Central,industrial,2009,5.715
West North Central,industrial,2010,5.84
West North Central,industrial,2011,6.064166666666666
West North Central,industrial,2012,6.2575
West North Central,industrial,2013,6.6525
West North Central,industrial,2014,6.7175
West North Central,industrial,2015,6.859999999999999
West North Central,industrial,2016,7.0975
West North Central,industrial,2017,7.1499999999999995
West North Central,industrial,2018,7.256666666666667
West North Central,industrial,2019,7.255833333333334
West North Central,industrial,2020,7.096666666666667
West North Central,industrial,2021,7.330000000000001
West North Central,industrial,2022,7.79
West North Central,industrial,2023,7.755
West North Central,industrial,2024,7.704999999999999
West North Central,industrial,2025,7.995833333333334
West North Central,industrial,2026,8.32
West South Central,commercial,2001,7.4624999999999995
West South Central,commercial,2002,6.7
West South Central,commercial,2003,7.403333333333333
West South Central,commercial,2004,7.499166666666667
West South Central,commercial,2005,8.374166666666666
West South Central,commercial,2006,9.239166666666668
West South Central,commercial,2007,9.253333333333334
West South Central,commercial,2008,10.049999999999999
West South Central,commercial,2009,8.9525
West South Central,commercial,2010,8.776666666666666
West South Central,commercial,2011,8.531666666666666
West South Central,commercial,2012,7.9925
West South Central,commercial,2013,8.106666666666667
West South Central,commercial,2014,8.258333333333333
West South Central,commercial,2015,8.174999999999999
West South Central,commercial,2016,8.2325
West South Central,commercial,2017,8.345
West South Central,commercial,2018,8.216666666666667
West South Central,commercial,2019,8.19
West South Central,commercial,2020,7.824166666666667
West South Central,commercial,2021,9.0325
West South Central,commercial,2022,9.481666666666667
West South Central,commercial,2023,9.101666666666667
West South Central,commercial,2024,8.864166666666668
West South Central,commercial,2025,9.045833333333333
West South Central,commercial,2026,9.18
West South Central,industrial,2001,5.1450000000000005
West South Central,industrial,2002,4.4725
West South Central,industrial,2003,5.1325
West South Central,industrial,2004,5.57
West South Central,industrial,2005,6.603333333333333
West South Central,industrial,2006,7.164166666666667
West South Central,industrial,2007,7.139166666666667
West South Central,industrial,2008,8.053333333333333
West South Central,industrial,2009,6.2275
West South Central,industrial,2010,6.120833333333334
West South Central,industrial,2011,5.980833333333333
West South Central,industrial,2012,5.381666666666667
West South Central,industrial,2013,5.8075
West South Central,industrial,2014,6.089166666666666
West South Central,industrial,2015,5.586666666666667
West South Central,industrial,2016,5.310833333333333
West South Central,industrial,2017,5.445
West South Central,industrial,2018,5.395
West South Central,industrial,2019,5.411666666666666
West South Central,industrial,2020,5.056666666666667
West South Central,industrial,2021,6.1825
West South Central,industrial,2022,7.175833333333333
West South Central,industrial,2023,6.445833333333333
West South Central,industrial,2024,6.050833333333333
West South Central,industrial,2025,6.468333333333334
West South Central,industrial,2026,7.04
